timestamp, index, utilization.gpu [%], utilization.memory [%], memory.used [MiB], memory.total [MiB]
2026/01/19 01:02:54.479, 0, 0 %, 0 %, 1 MiB, 46068 MiB
2026/01/19 01:02:55.485, 0, 0 %, 0 %, 1 MiB, 46068 MiB
2026/01/19 01:02:56.485, 0, 0 %, 0 %, 1 MiB, 46068 MiB
2026/01/19 01:02:57.485, 0, 0 %, 0 %, 1 MiB, 46068 MiB
2026/01/19 01:02:58.485, 0, 0 %, 0 %, 1 MiB, 46068 MiB
2026/01/19 01:02:59.485, 0, 0 %, 0 %, 1 MiB, 46068 MiB
2026/01/19 01:03:00.486, 0, 0 %, 0 %, 1 MiB, 46068 MiB
2026/01/19 01:03:01.486, 0, 0 %, 0 %, 1 MiB, 46068 MiB
2026/01/19 01:03:02.486, 0, 0 %, 0 %, 1 MiB, 46068 MiB
2026/01/19 01:03:03.486, 0, 0 %, 0 %, 1 MiB, 46068 MiB
2026/01/19 01:03:04.486, 0, 0 %, 0 %, 1 MiB, 46068 MiB
2026/01/19 01:03:05.486, 0, 0 %, 0 %, 1 MiB, 46068 MiB
2026/01/19 01:03:06.486, 0, 0 %, 0 %, 1 MiB, 46068 MiB
2026/01/19 01:03:07.487, 0, 0 %, 0 %, 1 MiB, 46068 MiB
2026/01/19 01:03:08.487, 0, 0 %, 0 %, 1 MiB, 46068 MiB
2026/01/19 01:03:09.487, 0, 0 %, 0 %, 1 MiB, 46068 MiB
2026/01/19 01:03:10.487, 0, 0 %, 0 %, 1 MiB, 46068 MiB
2026/01/19 01:03:11.487, 0, 0 %, 0 %, 1 MiB, 46068 MiB
2026/01/19 01:03:12.487, 0, 0 %, 0 %, 1 MiB, 46068 MiB
2026/01/19 01:03:13.487, 0, 0 %, 0 %, 1 MiB, 46068 MiB
2026/01/19 01:03:14.488, 0, 0 %, 0 %, 1 MiB, 46068 MiB
2026/01/19 01:03:15.488, 0, 0 %, 0 %, 1 MiB, 46068 MiB
2026/01/19 01:03:16.488, 0, 0 %, 0 %, 1 MiB, 46068 MiB
2026/01/19 01:03:17.488, 0, 0 %, 0 %, 1 MiB, 46068 MiB
2026/01/19 01:03:18.488, 0, 0 %, 0 %, 1 MiB, 46068 MiB
2026/01/19 01:03:19.488, 0, 0 %, 0 %, 1 MiB, 46068 MiB
2026/01/19 01:03:20.488, 0, 0 %, 0 %, 1 MiB, 46068 MiB
2026/01/19 01:03:21.488, 0, 0 %, 0 %, 1 MiB, 46068 MiB
2026/01/19 01:03:22.488, 0, 0 %, 0 %, 1 MiB, 46068 MiB
2026/01/19 01:03:23.489, 0, 0 %, 0 %, 1 MiB, 46068 MiB
2026/01/19 01:03:24.489, 0, 0 %, 0 %, 1 MiB, 46068 MiB
2026/01/19 01:03:25.489, 0, 0 %, 0 %, 1 MiB, 46068 MiB
2026/01/19 01:03:26.489, 0, 0 %, 0 %, 1 MiB, 46068 MiB
2026/01/19 01:03:27.489, 0, 0 %, 0 %, 1 MiB, 46068 MiB
2026/01/19 01:03:28.489, 0, 0 %, 0 %, 1 MiB, 46068 MiB
2026/01/19 01:03:29.489, 0, 0 %, 0 %, 1 MiB, 46068 MiB
2026/01/19 01:03:30.489, 0, 0 %, 0 %, 1 MiB, 46068 MiB
2026/01/19 01:03:31.489, 0, 0 %, 0 %, 1 MiB, 46068 MiB
2026/01/19 01:03:32.490, 0, 0 %, 0 %, 1 MiB, 46068 MiB
2026/01/19 01:03:33.490, 0, 0 %, 0 %, 1 MiB, 46068 MiB
2026/01/19 01:03:34.490, 0, 0 %, 0 %, 1 MiB, 46068 MiB
2026/01/19 01:03:35.490, 0, 0 %, 0 %, 1 MiB, 46068 MiB
2026/01/19 01:03:36.490, 0, 0 %, 0 %, 1 MiB, 46068 MiB
2026/01/19 01:03:37.490, 0, 0 %, 0 %, 1 MiB, 46068 MiB
2026/01/19 01:03:38.490, 0, 0 %, 0 %, 1 MiB, 46068 MiB
2026/01/19 01:03:39.490, 0, 0 %, 0 %, 1 MiB, 46068 MiB
2026/01/19 01:03:40.490, 0, 0 %, 0 %, 1 MiB, 46068 MiB
2026/01/19 01:03:41.491, 0, 0 %, 0 %, 1 MiB, 46068 MiB
2026/01/19 01:03:42.491, 0, 0 %, 0 %, 1 MiB, 46068 MiB
2026/01/19 01:03:43.491, 0, 0 %, 0 %, 1 MiB, 46068 MiB
2026/01/19 01:03:44.491, 0, 0 %, 0 %, 1 MiB, 46068 MiB
2026/01/19 01:03:45.491, 0, 0 %, 0 %, 1 MiB, 46068 MiB
2026/01/19 01:03:46.491, 0, 0 %, 0 %, 1 MiB, 46068 MiB
2026/01/19 01:03:47.491, 0, 0 %, 0 %, 1 MiB, 46068 MiB
2026/01/19 01:03:48.491, 0, 0 %, 0 %, 1 MiB, 46068 MiB
2026/01/19 01:03:49.491, 0, 0 %, 0 %, 1 MiB, 46068 MiB
2026/01/19 01:03:50.492, 0, 0 %, 0 %, 1 MiB, 46068 MiB
2026/01/19 01:03:51.492, 0, 0 %, 0 %, 1 MiB, 46068 MiB
2026/01/19 01:03:52.492, 0, 0 %, 0 %, 1 MiB, 46068 MiB
2026/01/19 01:03:53.492, 0, 0 %, 0 %, 1 MiB, 46068 MiB
2026/01/19 01:03:54.492, 0, 0 %, 0 %, 1 MiB, 46068 MiB
2026/01/19 01:03:55.492, 0, 0 %, 0 %, 1 MiB, 46068 MiB
2026/01/19 01:03:56.492, 0, 0 %, 0 %, 1 MiB, 46068 MiB
2026/01/19 01:03:57.492, 0, 0 %, 0 %, 1 MiB, 46068 MiB
2026/01/19 01:03:58.492, 0, 0 %, 0 %, 1 MiB, 46068 MiB
2026/01/19 01:03:59.493, 0, 0 %, 0 %, 1 MiB, 46068 MiB
2026/01/19 01:04:00.493, 0, 0 %, 0 %, 1 MiB, 46068 MiB
2026/01/19 01:04:01.493, 0, 0 %, 0 %, 1 MiB, 46068 MiB
2026/01/19 01:04:02.493, 0, 0 %, 0 %, 1 MiB, 46068 MiB
2026/01/19 01:04:03.493, 0, 0 %, 0 %, 1 MiB, 46068 MiB
2026/01/19 01:04:04.493, 0, 0 %, 0 %, 1 MiB, 46068 MiB
2026/01/19 01:04:05.493, 0, 0 %, 0 %, 1 MiB, 46068 MiB
2026/01/19 01:04:06.493, 0, 0 %, 0 %, 1 MiB, 46068 MiB
2026/01/19 01:04:07.493, 0, 0 %, 0 %, 1 MiB, 46068 MiB
2026/01/19 01:04:08.494, 0, 0 %, 0 %, 1 MiB, 46068 MiB
2026/01/19 01:04:09.494, 0, 0 %, 0 %, 1 MiB, 46068 MiB
2026/01/19 01:04:10.494, 0, 0 %, 0 %, 1 MiB, 46068 MiB
2026/01/19 01:04:11.494, 0, 0 %, 0 %, 1 MiB, 46068 MiB
2026/01/19 01:04:12.494, 0, 0 %, 0 %, 1 MiB, 46068 MiB
2026/01/19 01:04:13.494, 0, 0 %, 0 %, 1 MiB, 46068 MiB
2026/01/19 01:04:14.494, 0, 0 %, 0 %, 1 MiB, 46068 MiB
2026/01/19 01:04:15.494, 0, 0 %, 0 %, 1 MiB, 46068 MiB
2026/01/19 01:04:16.495, 0, 0 %, 0 %, 1 MiB, 46068 MiB
2026/01/19 01:04:17.495, 0, 0 %, 0 %, 1 MiB, 46068 MiB
2026/01/19 01:04:18.495, 0, 0 %, 0 %, 1 MiB, 46068 MiB
2026/01/19 01:04:19.495, 0, 0 %, 0 %, 1 MiB, 46068 MiB
2026/01/19 01:04:20.495, 0, 0 %, 0 %, 1 MiB, 46068 MiB
2026/01/19 01:04:21.495, 0, 0 %, 0 %, 1 MiB, 46068 MiB
2026/01/19 01:04:22.495, 0, 0 %, 0 %, 1 MiB, 46068 MiB
2026/01/19 01:04:23.495, 0, 0 %, 0 %, 1 MiB, 46068 MiB
2026/01/19 01:04:24.495, 0, 0 %, 0 %, 1 MiB, 46068 MiB
2026/01/19 01:04:25.496, 0, 0 %, 0 %, 1 MiB, 46068 MiB
2026/01/19 01:04:26.496, 0, 0 %, 0 %, 1 MiB, 46068 MiB
2026/01/19 01:04:27.496, 0, 0 %, 0 %, 1 MiB, 46068 MiB
2026/01/19 01:04:28.496, 0, 0 %, 0 %, 1 MiB, 46068 MiB
2026/01/19 01:04:29.496, 0, 0 %, 0 %, 1 MiB, 46068 MiB
2026/01/19 01:04:30.496, 0, 0 %, 0 %, 1 MiB, 46068 MiB
2026/01/19 01:04:31.496, 0, 0 %, 0 %, 1 MiB, 46068 MiB
2026/01/19 01:04:32.496, 0, 0 %, 0 %, 1 MiB, 46068 MiB
2026/01/19 01:04:33.496, 0, 0 %, 0 %, 1 MiB, 46068 MiB
2026/01/19 01:04:34.496, 0, 0 %, 0 %, 1 MiB, 46068 MiB
2026/01/19 01:04:35.497, 0, 0 %, 0 %, 1 MiB, 46068 MiB
2026/01/19 01:04:36.497, 0, 0 %, 0 %, 1 MiB, 46068 MiB
2026/01/19 01:04:37.497, 0, 0 %, 0 %, 1 MiB, 46068 MiB
2026/01/19 01:04:38.497, 0, 0 %, 0 %, 1 MiB, 46068 MiB
2026/01/19 01:04:39.497, 0, 0 %, 0 %, 1 MiB, 46068 MiB
2026/01/19 01:04:40.497, 0, 0 %, 0 %, 1 MiB, 46068 MiB
2026/01/19 01:04:41.497, 0, 0 %, 0 %, 1 MiB, 46068 MiB
2026/01/19 01:04:42.497, 0, 0 %, 0 %, 1 MiB, 46068 MiB
2026/01/19 01:04:43.497, 0, 0 %, 0 %, 1 MiB, 46068 MiB
2026/01/19 01:04:44.498, 0, 0 %, 0 %, 1 MiB, 46068 MiB
2026/01/19 01:04:45.498, 0, 0 %, 0 %, 1 MiB, 46068 MiB
2026/01/19 01:04:46.498, 0, 0 %, 0 %, 1 MiB, 46068 MiB
2026/01/19 01:04:47.498, 0, 0 %, 0 %, 1 MiB, 46068 MiB
2026/01/19 01:04:48.498, 0, 0 %, 0 %, 1 MiB, 46068 MiB
2026/01/19 01:04:49.498, 0, 0 %, 0 %, 1 MiB, 46068 MiB
2026/01/19 01:04:50.498, 0, 0 %, 0 %, 1 MiB, 46068 MiB
2026/01/19 01:04:51.498, 0, 0 %, 0 %, 1 MiB, 46068 MiB
2026/01/19 01:04:52.498, 0, 0 %, 0 %, 1 MiB, 46068 MiB
2026/01/19 01:04:53.499, 0, 0 %, 0 %, 1 MiB, 46068 MiB
2026/01/19 01:04:54.499, 0, 0 %, 0 %, 1 MiB, 46068 MiB
2026/01/19 01:04:55.499, 0, 0 %, 0 %, 1 MiB, 46068 MiB
2026/01/19 01:04:56.499, 0, 0 %, 0 %, 1 MiB, 46068 MiB
2026/01/19 01:04:57.499, 0, 0 %, 0 %, 1 MiB, 46068 MiB
2026/01/19 01:04:58.499, 0, 0 %, 0 %, 1 MiB, 46068 MiB
2026/01/19 01:04:59.499, 0, 0 %, 0 %, 1 MiB, 46068 MiB
2026/01/19 01:05:00.499, 0, 0 %, 0 %, 1 MiB, 46068 MiB
2026/01/19 01:05:01.499, 0, 0 %, 0 %, 1 MiB, 46068 MiB
2026/01/19 01:05:02.500, 0, 0 %, 0 %, 1 MiB, 46068 MiB
2026/01/19 01:05:03.500, 0, 0 %, 0 %, 1 MiB, 46068 MiB
2026/01/19 01:05:04.500, 0, 0 %, 0 %, 1 MiB, 46068 MiB
2026/01/19 01:05:05.500, 0, 0 %, 0 %, 1 MiB, 46068 MiB
2026/01/19 01:05:06.500, 0, 0 %, 0 %, 1 MiB, 46068 MiB
2026/01/19 01:05:07.500, 0, 0 %, 0 %, 1 MiB, 46068 MiB
2026/01/19 01:05:08.500, 0, 0 %, 0 %, 1 MiB, 46068 MiB
2026/01/19 01:05:09.500, 0, 0 %, 0 %, 1 MiB, 46068 MiB
2026/01/19 01:05:10.500, 0, 0 %, 0 %, 1 MiB, 46068 MiB
2026/01/19 01:05:11.500, 0, 0 %, 0 %, 1 MiB, 46068 MiB
2026/01/19 01:05:12.501, 0, 0 %, 0 %, 1 MiB, 46068 MiB
2026/01/19 01:05:13.501, 0, 0 %, 0 %, 1 MiB, 46068 MiB
2026/01/19 01:05:14.501, 0, 0 %, 0 %, 1 MiB, 46068 MiB
2026/01/19 01:05:15.501, 0, 0 %, 0 %, 1 MiB, 46068 MiB
2026/01/19 01:05:16.501, 0, 0 %, 0 %, 1 MiB, 46068 MiB
2026/01/19 01:05:17.501, 0, 0 %, 0 %, 1 MiB, 46068 MiB
2026/01/19 01:05:18.501, 0, 0 %, 0 %, 1 MiB, 46068 MiB
2026/01/19 01:05:19.501, 0, 0 %, 0 %, 1 MiB, 46068 MiB
2026/01/19 01:05:20.502, 0, 0 %, 0 %, 1 MiB, 46068 MiB
2026/01/19 01:05:21.502, 0, 0 %, 0 %, 1 MiB, 46068 MiB
2026/01/19 01:05:22.515, 0, 0 %, 0 %, 1 MiB, 46068 MiB
2026/01/19 01:05:23.515, 0, 0 %, 0 %, 1 MiB, 46068 MiB
2026/01/19 01:05:24.515, 0, 0 %, 0 %, 1 MiB, 46068 MiB
2026/01/19 01:05:25.515, 0, 0 %, 0 %, 1 MiB, 46068 MiB
2026/01/19 01:05:26.515, 0, 0 %, 0 %, 1 MiB, 46068 MiB
2026/01/19 01:05:27.515, 0, 0 %, 0 %, 1 MiB, 46068 MiB
2026/01/19 01:05:28.515, 0, 0 %, 0 %, 1 MiB, 46068 MiB
2026/01/19 01:05:29.515, 0, 0 %, 0 %, 1 MiB, 46068 MiB
2026/01/19 01:05:30.516, 0, 0 %, 0 %, 1 MiB, 46068 MiB
2026/01/19 01:05:31.516, 0, 0 %, 0 %, 1 MiB, 46068 MiB
2026/01/19 01:05:32.516, 0, 0 %, 0 %, 1 MiB, 46068 MiB
2026/01/19 01:05:33.516, 0, 0 %, 0 %, 1 MiB, 46068 MiB
2026/01/19 01:05:34.516, 0, 0 %, 0 %, 1 MiB, 46068 MiB
2026/01/19 01:05:35.516, 0, 0 %, 0 %, 1 MiB, 46068 MiB
2026/01/19 01:05:36.516, 0, 0 %, 0 %, 1 MiB, 46068 MiB
2026/01/19 01:05:37.516, 0, 0 %, 0 %, 1 MiB, 46068 MiB
2026/01/19 01:05:38.516, 0, 0 %, 0 %, 1 MiB, 46068 MiB
2026/01/19 01:05:39.516, 0, 0 %, 0 %, 1 MiB, 46068 MiB
2026/01/19 01:05:40.517, 0, 0 %, 0 %, 1 MiB, 46068 MiB
2026/01/19 01:05:41.517, 0, 0 %, 0 %, 1 MiB, 46068 MiB
2026/01/19 01:05:42.517, 0, 0 %, 0 %, 1 MiB, 46068 MiB
2026/01/19 01:05:43.517, 0, 0 %, 0 %, 1 MiB, 46068 MiB
2026/01/19 01:05:44.517, 0, 0 %, 0 %, 1 MiB, 46068 MiB
2026/01/19 01:05:45.517, 0, 0 %, 0 %, 1 MiB, 46068 MiB
2026/01/19 01:05:46.517, 0, 0 %, 0 %, 1 MiB, 46068 MiB
2026/01/19 01:05:47.517, 0, 0 %, 0 %, 1 MiB, 46068 MiB
2026/01/19 01:05:48.517, 0, 0 %, 0 %, 1 MiB, 46068 MiB
2026/01/19 01:05:49.518, 0, 0 %, 0 %, 1 MiB, 46068 MiB
2026/01/19 01:05:50.518, 0, 0 %, 0 %, 1 MiB, 46068 MiB
2026/01/19 01:05:51.518, 0, 0 %, 0 %, 1 MiB, 46068 MiB
2026/01/19 01:05:52.518, 0, 0 %, 0 %, 1 MiB, 46068 MiB
2026/01/19 01:05:53.518, 0, 0 %, 0 %, 1 MiB, 46068 MiB
2026/01/19 01:05:54.518, 0, 0 %, 0 %, 1 MiB, 46068 MiB
2026/01/19 01:05:55.518, 0, 0 %, 0 %, 1 MiB, 46068 MiB
2026/01/19 01:05:56.518, 0, 0 %, 0 %, 1 MiB, 46068 MiB
2026/01/19 01:05:57.518, 0, 0 %, 0 %, 1 MiB, 46068 MiB
2026/01/19 01:05:58.519, 0, 0 %, 0 %, 1 MiB, 46068 MiB
2026/01/19 01:05:59.519, 0, 0 %, 0 %, 1 MiB, 46068 MiB
2026/01/19 01:06:00.519, 0, 0 %, 0 %, 1 MiB, 46068 MiB
2026/01/19 01:06:01.519, 0, 0 %, 0 %, 1 MiB, 46068 MiB
2026/01/19 01:06:02.519, 0, 0 %, 0 %, 1 MiB, 46068 MiB
2026/01/19 01:06:03.519, 0, 0 %, 0 %, 1 MiB, 46068 MiB
2026/01/19 01:06:04.519, 0, 0 %, 0 %, 1 MiB, 46068 MiB
2026/01/19 01:06:05.519, 0, 0 %, 0 %, 1 MiB, 46068 MiB
2026/01/19 01:06:06.519, 0, 0 %, 0 %, 1 MiB, 46068 MiB
2026/01/19 01:06:07.519, 0, 0 %, 0 %, 1 MiB, 46068 MiB
2026/01/19 01:06:08.520, 0, 0 %, 0 %, 1 MiB, 46068 MiB
2026/01/19 01:06:09.520, 0, 0 %, 0 %, 1 MiB, 46068 MiB
2026/01/19 01:06:10.520, 0, 0 %, 0 %, 1 MiB, 46068 MiB
2026/01/19 01:06:11.520, 0, 0 %, 0 %, 1 MiB, 46068 MiB
2026/01/19 01:06:12.520, 0, 0 %, 0 %, 1 MiB, 46068 MiB
2026/01/19 01:06:13.520, 0, 0 %, 0 %, 1 MiB, 46068 MiB
2026/01/19 01:06:14.520, 0, 0 %, 0 %, 1 MiB, 46068 MiB
2026/01/19 01:06:15.520, 0, 0 %, 0 %, 1 MiB, 46068 MiB
2026/01/19 01:06:16.520, 0, 0 %, 0 %, 1 MiB, 46068 MiB
2026/01/19 01:06:17.520, 0, 0 %, 0 %, 1 MiB, 46068 MiB
2026/01/19 01:06:18.521, 0, 0 %, 0 %, 1 MiB, 46068 MiB
2026/01/19 01:06:19.521, 0, 0 %, 0 %, 1 MiB, 46068 MiB
2026/01/19 01:06:20.521, 0, 0 %, 0 %, 1 MiB, 46068 MiB
2026/01/19 01:06:21.521, 0, 0 %, 0 %, 1 MiB, 46068 MiB
2026/01/19 01:06:22.521, 0, 0 %, 0 %, 1 MiB, 46068 MiB
2026/01/19 01:06:23.521, 0, 0 %, 0 %, 1 MiB, 46068 MiB
2026/01/19 01:06:24.521, 0, 0 %, 0 %, 1 MiB, 46068 MiB
2026/01/19 01:06:25.521, 0, 0 %, 0 %, 1 MiB, 46068 MiB
2026/01/19 01:06:26.521, 0, 0 %, 0 %, 1 MiB, 46068 MiB
2026/01/19 01:06:27.521, 0, 0 %, 0 %, 1 MiB, 46068 MiB
2026/01/19 01:06:28.522, 0, 0 %, 0 %, 1 MiB, 46068 MiB
2026/01/19 01:06:29.522, 0, 0 %, 0 %, 1 MiB, 46068 MiB
2026/01/19 01:06:30.522, 0, 0 %, 0 %, 1 MiB, 46068 MiB
2026/01/19 01:06:31.522, 0, 0 %, 0 %, 1 MiB, 46068 MiB
2026/01/19 01:06:32.522, 0, 0 %, 0 %, 1 MiB, 46068 MiB
2026/01/19 01:06:33.522, 0, 0 %, 0 %, 1 MiB, 46068 MiB
2026/01/19 01:06:34.522, 0, 0 %, 0 %, 1 MiB, 46068 MiB
2026/01/19 01:06:35.522, 0, 0 %, 0 %, 1 MiB, 46068 MiB
2026/01/19 01:06:36.523, 0, 0 %, 0 %, 1 MiB, 46068 MiB
2026/01/19 01:06:37.523, 0, 0 %, 0 %, 1 MiB, 46068 MiB
2026/01/19 01:06:38.523, 0, 0 %, 0 %, 1 MiB, 46068 MiB
2026/01/19 01:06:39.523, 0, 0 %, 0 %, 1 MiB, 46068 MiB
2026/01/19 01:06:40.523, 0, 0 %, 0 %, 1 MiB, 46068 MiB
2026/01/19 01:06:41.523, 0, 0 %, 0 %, 1 MiB, 46068 MiB
2026/01/19 01:06:42.523, 0, 0 %, 0 %, 1 MiB, 46068 MiB
2026/01/19 01:06:43.523, 0, 0 %, 0 %, 1 MiB, 46068 MiB
2026/01/19 01:06:44.523, 0, 0 %, 0 %, 1 MiB, 46068 MiB
2026/01/19 01:06:45.523, 0, 0 %, 0 %, 1 MiB, 46068 MiB
2026/01/19 01:06:46.524, 0, 0 %, 0 %, 1 MiB, 46068 MiB
2026/01/19 01:06:47.524, 0, 0 %, 0 %, 1 MiB, 46068 MiB
2026/01/19 01:06:48.524, 0, 0 %, 0 %, 1 MiB, 46068 MiB
2026/01/19 01:06:49.524, 0, 0 %, 0 %, 1 MiB, 46068 MiB
2026/01/19 01:06:50.524, 0, 0 %, 0 %, 1 MiB, 46068 MiB
2026/01/19 01:06:51.524, 0, 0 %, 0 %, 1 MiB, 46068 MiB
2026/01/19 01:06:52.524, 0, 0 %, 0 %, 1 MiB, 46068 MiB
2026/01/19 01:06:53.524, 0, 0 %, 0 %, 1 MiB, 46068 MiB
2026/01/19 01:06:54.524, 0, 0 %, 0 %, 1 MiB, 46068 MiB
2026/01/19 01:06:55.525, 0, 0 %, 0 %, 1 MiB, 46068 MiB
2026/01/19 01:06:56.525, 0, 0 %, 0 %, 1 MiB, 46068 MiB
2026/01/19 01:06:57.525, 0, 0 %, 0 %, 1 MiB, 46068 MiB
2026/01/19 01:06:58.525, 0, 0 %, 0 %, 1 MiB, 46068 MiB
2026/01/19 01:06:59.525, 0, 0 %, 0 %, 1 MiB, 46068 MiB
2026/01/19 01:07:00.525, 0, 0 %, 0 %, 1 MiB, 46068 MiB
2026/01/19 01:07:01.525, 0, 0 %, 0 %, 1 MiB, 46068 MiB
2026/01/19 01:07:02.525, 0, 0 %, 0 %, 1 MiB, 46068 MiB
2026/01/19 01:07:03.525, 0, 0 %, 0 %, 1 MiB, 46068 MiB
2026/01/19 01:07:04.525, 0, 0 %, 0 %, 1 MiB, 46068 MiB
2026/01/19 01:07:05.526, 0, 0 %, 0 %, 1 MiB, 46068 MiB
2026/01/19 01:07:06.526, 0, 0 %, 0 %, 1 MiB, 46068 MiB
2026/01/19 01:07:07.526, 0, 0 %, 0 %, 1 MiB, 46068 MiB
2026/01/19 01:07:08.526, 0, 0 %, 0 %, 1 MiB, 46068 MiB
2026/01/19 01:07:09.526, 0, 0 %, 0 %, 1 MiB, 46068 MiB
2026/01/19 01:07:10.526, 0, 0 %, 0 %, 1 MiB, 46068 MiB
2026/01/19 01:07:11.526, 0, 0 %, 0 %, 1 MiB, 46068 MiB
2026/01/19 01:07:12.526, 0, 0 %, 0 %, 1 MiB, 46068 MiB
2026/01/19 01:07:13.527, 0, 0 %, 0 %, 1 MiB, 46068 MiB
2026/01/19 01:07:14.527, 0, 0 %, 0 %, 1 MiB, 46068 MiB
2026/01/19 01:07:15.527, 0, 0 %, 0 %, 1 MiB, 46068 MiB
2026/01/19 01:07:16.527, 0, 0 %, 0 %, 1 MiB, 46068 MiB
2026/01/19 01:07:17.527, 0, 0 %, 0 %, 1 MiB, 46068 MiB
2026/01/19 01:07:18.527, 0, 0 %, 0 %, 1 MiB, 46068 MiB
2026/01/19 01:07:19.527, 0, 0 %, 0 %, 1 MiB, 46068 MiB
2026/01/19 01:07:20.527, 0, 0 %, 0 %, 1 MiB, 46068 MiB
2026/01/19 01:07:21.527, 0, 0 %, 0 %, 1 MiB, 46068 MiB
2026/01/19 01:07:22.528, 0, 0 %, 0 %, 1 MiB, 46068 MiB
2026/01/19 01:07:23.528, 0, 0 %, 0 %, 1 MiB, 46068 MiB
2026/01/19 01:07:24.528, 0, 0 %, 0 %, 1 MiB, 46068 MiB
2026/01/19 01:07:25.528, 0, 0 %, 0 %, 1 MiB, 46068 MiB
2026/01/19 01:07:26.528, 0, 0 %, 0 %, 1 MiB, 46068 MiB
2026/01/19 01:07:27.528, 0, 0 %, 0 %, 1 MiB, 46068 MiB
2026/01/19 01:07:28.528, 0, 0 %, 0 %, 1 MiB, 46068 MiB
2026/01/19 01:07:29.528, 0, 0 %, 0 %, 1 MiB, 46068 MiB
2026/01/19 01:07:30.528, 0, 0 %, 0 %, 1 MiB, 46068 MiB
2026/01/19 01:07:31.529, 0, 0 %, 0 %, 1 MiB, 46068 MiB
2026/01/19 01:07:32.529, 0, 0 %, 0 %, 1 MiB, 46068 MiB
2026/01/19 01:07:33.529, 0, 0 %, 0 %, 1 MiB, 46068 MiB
2026/01/19 01:07:34.529, 0, 0 %, 0 %, 1 MiB, 46068 MiB
2026/01/19 01:07:35.529, 0, 0 %, 0 %, 1 MiB, 46068 MiB
2026/01/19 01:07:36.529, 0, 0 %, 0 %, 1 MiB, 46068 MiB
2026/01/19 01:07:37.529, 0, 0 %, 0 %, 1 MiB, 46068 MiB
2026/01/19 01:07:38.529, 0, 0 %, 0 %, 1 MiB, 46068 MiB
2026/01/19 01:07:39.529, 0, 0 %, 0 %, 1 MiB, 46068 MiB
2026/01/19 01:07:40.529, 0, 0 %, 0 %, 1 MiB, 46068 MiB
2026/01/19 01:07:41.530, 0, 0 %, 0 %, 1 MiB, 46068 MiB
2026/01/19 01:07:42.530, 0, 0 %, 0 %, 1 MiB, 46068 MiB
2026/01/19 01:07:43.530, 0, 0 %, 0 %, 1 MiB, 46068 MiB
2026/01/19 01:07:44.530, 0, 0 %, 0 %, 1 MiB, 46068 MiB
2026/01/19 01:07:45.530, 0, 0 %, 0 %, 1 MiB, 46068 MiB
2026/01/19 01:07:46.530, 0, 0 %, 0 %, 1 MiB, 46068 MiB
2026/01/19 01:07:47.530, 0, 0 %, 0 %, 1 MiB, 46068 MiB
2026/01/19 01:07:48.530, 0, 0 %, 0 %, 1 MiB, 46068 MiB
2026/01/19 01:07:49.530, 0, 0 %, 0 %, 1 MiB, 46068 MiB
2026/01/19 01:07:50.531, 0, 0 %, 0 %, 1 MiB, 46068 MiB
2026/01/19 01:07:51.867, 0, 0 %, 0 %, 1 MiB, 46068 MiB
2026/01/19 01:07:52.867, 0, 0 %, 0 %, 1 MiB, 46068 MiB
2026/01/19 01:07:53.867, 0, 0 %, 0 %, 1 MiB, 46068 MiB
2026/01/19 01:07:54.867, 0, 0 %, 0 %, 1 MiB, 46068 MiB
2026/01/19 01:07:55.867, 0, 0 %, 0 %, 1 MiB, 46068 MiB
2026/01/19 01:07:56.867, 0, 0 %, 0 %, 1 MiB, 46068 MiB
2026/01/19 01:07:57.867, 0, 0 %, 0 %, 1 MiB, 46068 MiB
2026/01/19 01:07:58.868, 0, 0 %, 0 %, 1 MiB, 46068 MiB
2026/01/19 01:07:59.868, 0, 0 %, 0 %, 1 MiB, 46068 MiB
2026/01/19 01:08:00.868, 0, 0 %, 0 %, 1 MiB, 46068 MiB
2026/01/19 01:08:01.868, 0, 0 %, 0 %, 1 MiB, 46068 MiB
2026/01/19 01:08:02.868, 0, 0 %, 0 %, 1 MiB, 46068 MiB
2026/01/19 01:08:03.868, 0, 0 %, 0 %, 1 MiB, 46068 MiB
2026/01/19 01:08:04.868, 0, 0 %, 0 %, 1 MiB, 46068 MiB
2026/01/19 01:08:05.868, 0, 0 %, 0 %, 1 MiB, 46068 MiB
2026/01/19 01:08:06.868, 0, 0 %, 0 %, 1 MiB, 46068 MiB
2026/01/19 01:08:07.869, 0, 0 %, 0 %, 1 MiB, 46068 MiB
2026/01/19 01:08:08.869, 0, 0 %, 0 %, 1 MiB, 46068 MiB
2026/01/19 01:08:09.869, 0, 0 %, 0 %, 1 MiB, 46068 MiB
2026/01/19 01:08:10.869, 0, 0 %, 0 %, 1 MiB, 46068 MiB
2026/01/19 01:08:11.869, 0, 0 %, 0 %, 1 MiB, 46068 MiB
2026/01/19 01:08:12.869, 0, 0 %, 0 %, 1 MiB, 46068 MiB
2026/01/19 01:08:13.869, 0, 0 %, 0 %, 1 MiB, 46068 MiB
2026/01/19 01:08:14.869, 0, 0 %, 0 %, 1 MiB, 46068 MiB
2026/01/19 01:08:15.869, 0, 0 %, 0 %, 1 MiB, 46068 MiB
2026/01/19 01:08:16.870, 0, 0 %, 0 %, 1 MiB, 46068 MiB
2026/01/19 01:08:17.870, 0, 0 %, 0 %, 1 MiB, 46068 MiB
2026/01/19 01:08:18.870, 0, 0 %, 0 %, 1 MiB, 46068 MiB
2026/01/19 01:08:19.870, 0, 0 %, 0 %, 1 MiB, 46068 MiB
2026/01/19 01:08:20.870, 0, 0 %, 0 %, 1 MiB, 46068 MiB
2026/01/19 01:08:21.870, 0, 0 %, 0 %, 1 MiB, 46068 MiB
2026/01/19 01:08:22.870, 0, 0 %, 0 %, 1 MiB, 46068 MiB
2026/01/19 01:08:23.870, 0, 0 %, 0 %, 1 MiB, 46068 MiB
2026/01/19 01:08:24.870, 0, 0 %, 0 %, 1 MiB, 46068 MiB
2026/01/19 01:08:25.871, 0, 0 %, 0 %, 1 MiB, 46068 MiB
2026/01/19 01:08:26.871, 0, 0 %, 0 %, 1 MiB, 46068 MiB
2026/01/19 01:08:27.871, 0, 0 %, 0 %, 1 MiB, 46068 MiB
2026/01/19 01:08:28.871, 0, 0 %, 0 %, 1 MiB, 46068 MiB
2026/01/19 01:08:29.871, 0, 0 %, 0 %, 1 MiB, 46068 MiB
2026/01/19 01:08:30.871, 0, 0 %, 0 %, 1 MiB, 46068 MiB
2026/01/19 01:08:31.871, 0, 0 %, 0 %, 1 MiB, 46068 MiB
2026/01/19 01:08:32.871, 0, 0 %, 0 %, 1 MiB, 46068 MiB
2026/01/19 01:08:33.871, 0, 0 %, 0 %, 1 MiB, 46068 MiB
2026/01/19 01:08:34.872, 0, 0 %, 0 %, 1 MiB, 46068 MiB
2026/01/19 01:08:35.872, 0, 0 %, 0 %, 1 MiB, 46068 MiB
2026/01/19 01:08:36.872, 0, 0 %, 0 %, 1 MiB, 46068 MiB
2026/01/19 01:08:37.872, 0, 0 %, 0 %, 1 MiB, 46068 MiB
2026/01/19 01:08:38.872, 0, 0 %, 0 %, 1 MiB, 46068 MiB
2026/01/19 01:08:39.872, 0, 0 %, 0 %, 1 MiB, 46068 MiB
2026/01/19 01:08:40.872, 0, 0 %, 0 %, 1 MiB, 46068 MiB
2026/01/19 01:08:41.872, 0, 0 %, 0 %, 1 MiB, 46068 MiB
2026/01/19 01:08:42.872, 0, 0 %, 0 %, 1 MiB, 46068 MiB
2026/01/19 01:08:43.873, 0, 0 %, 0 %, 1 MiB, 46068 MiB
2026/01/19 01:08:44.873, 0, 0 %, 0 %, 1 MiB, 46068 MiB
2026/01/19 01:08:45.873, 0, 0 %, 0 %, 1 MiB, 46068 MiB
2026/01/19 01:08:46.873, 0, 0 %, 0 %, 1 MiB, 46068 MiB
2026/01/19 01:08:47.873, 0, 0 %, 0 %, 1 MiB, 46068 MiB
2026/01/19 01:08:48.873, 0, 0 %, 0 %, 1 MiB, 46068 MiB
2026/01/19 01:08:49.873, 0, 0 %, 0 %, 1 MiB, 46068 MiB
2026/01/19 01:08:50.873, 0, 0 %, 0 %, 1 MiB, 46068 MiB
2026/01/19 01:08:51.873, 0, 0 %, 0 %, 1 MiB, 46068 MiB
2026/01/19 01:08:52.874, 0, 0 %, 0 %, 1 MiB, 46068 MiB
2026/01/19 01:08:53.874, 0, 0 %, 0 %, 1 MiB, 46068 MiB
2026/01/19 01:08:54.874, 0, 0 %, 0 %, 1 MiB, 46068 MiB
2026/01/19 01:08:55.874, 0, 0 %, 0 %, 1 MiB, 46068 MiB
2026/01/19 01:08:56.874, 0, 0 %, 0 %, 1 MiB, 46068 MiB
2026/01/19 01:08:57.874, 0, 0 %, 0 %, 1 MiB, 46068 MiB
2026/01/19 01:08:58.874, 0, 0 %, 0 %, 1 MiB, 46068 MiB
2026/01/19 01:08:59.874, 0, 0 %, 0 %, 1 MiB, 46068 MiB
2026/01/19 01:09:00.875, 0, 0 %, 0 %, 1 MiB, 46068 MiB
2026/01/19 01:09:01.875, 0, 0 %, 0 %, 1 MiB, 46068 MiB
2026/01/19 01:09:02.875, 0, 0 %, 0 %, 1 MiB, 46068 MiB
2026/01/19 01:09:03.875, 0, 0 %, 0 %, 1 MiB, 46068 MiB
2026/01/19 01:09:04.875, 0, 0 %, 0 %, 1 MiB, 46068 MiB
2026/01/19 01:09:05.875, 0, 0 %, 0 %, 1 MiB, 46068 MiB
2026/01/19 01:09:06.875, 0, 0 %, 0 %, 1 MiB, 46068 MiB
2026/01/19 01:09:07.875, 0, 0 %, 0 %, 1 MiB, 46068 MiB
2026/01/19 01:09:08.875, 0, 0 %, 0 %, 1 MiB, 46068 MiB
2026/01/19 01:09:09.876, 0, 0 %, 0 %, 1 MiB, 46068 MiB
2026/01/19 01:09:10.876, 0, 0 %, 0 %, 1 MiB, 46068 MiB
2026/01/19 01:09:11.876, 0, 0 %, 0 %, 1 MiB, 46068 MiB
2026/01/19 01:09:12.876, 0, 0 %, 0 %, 1 MiB, 46068 MiB
2026/01/19 01:09:13.876, 0, 0 %, 0 %, 1 MiB, 46068 MiB
2026/01/19 01:09:14.876, 0, 0 %, 0 %, 1 MiB, 46068 MiB
2026/01/19 01:09:15.876, 0, 0 %, 0 %, 1 MiB, 46068 MiB
2026/01/19 01:09:16.876, 0, 0 %, 0 %, 1 MiB, 46068 MiB
2026/01/19 01:09:17.876, 0, 0 %, 0 %, 1 MiB, 46068 MiB
2026/01/19 01:09:18.877, 0, 0 %, 0 %, 1 MiB, 46068 MiB
2026/01/19 01:09:19.877, 0, 0 %, 0 %, 1 MiB, 46068 MiB
2026/01/19 01:09:20.877, 0, 0 %, 0 %, 1 MiB, 46068 MiB
2026/01/19 01:09:21.877, 0, 0 %, 0 %, 1 MiB, 46068 MiB
2026/01/19 01:09:22.877, 0, 0 %, 0 %, 1 MiB, 46068 MiB
2026/01/19 01:09:23.877, 0, 0 %, 0 %, 1 MiB, 46068 MiB
2026/01/19 01:09:24.877, 0, 0 %, 0 %, 1 MiB, 46068 MiB
2026/01/19 01:09:25.877, 0, 0 %, 0 %, 1 MiB, 46068 MiB
2026/01/19 01:09:26.877, 0, 0 %, 0 %, 1 MiB, 46068 MiB
2026/01/19 01:09:27.878, 0, 0 %, 0 %, 1 MiB, 46068 MiB
2026/01/19 01:09:28.878, 0, 0 %, 0 %, 1 MiB, 46068 MiB
2026/01/19 01:09:29.878, 0, 0 %, 0 %, 1 MiB, 46068 MiB
2026/01/19 01:09:30.878, 0, 0 %, 0 %, 1 MiB, 46068 MiB
2026/01/19 01:09:31.878, 0, 0 %, 0 %, 1 MiB, 46068 MiB
2026/01/19 01:09:32.878, 0, 0 %, 0 %, 1 MiB, 46068 MiB
2026/01/19 01:09:33.878, 0, 0 %, 0 %, 1 MiB, 46068 MiB
2026/01/19 01:09:34.878, 0, 0 %, 0 %, 1 MiB, 46068 MiB
2026/01/19 01:09:35.878, 0, 0 %, 0 %, 1 MiB, 46068 MiB
2026/01/19 01:09:36.879, 0, 0 %, 0 %, 1 MiB, 46068 MiB
2026/01/19 01:09:37.879, 0, 0 %, 0 %, 1 MiB, 46068 MiB
2026/01/19 01:09:38.879, 0, 0 %, 0 %, 1 MiB, 46068 MiB
2026/01/19 01:09:39.879, 0, 0 %, 0 %, 1 MiB, 46068 MiB
2026/01/19 01:09:40.879, 0, 0 %, 0 %, 1 MiB, 46068 MiB
2026/01/19 01:09:41.879, 0, 0 %, 0 %, 1 MiB, 46068 MiB
2026/01/19 01:09:42.879, 0, 0 %, 0 %, 1 MiB, 46068 MiB
2026/01/19 01:09:43.879, 0, 0 %, 0 %, 1 MiB, 46068 MiB
2026/01/19 01:09:44.879, 0, 0 %, 0 %, 1 MiB, 46068 MiB
2026/01/19 01:09:45.880, 0, 0 %, 0 %, 1 MiB, 46068 MiB
2026/01/19 01:09:46.880, 0, 0 %, 0 %, 1 MiB, 46068 MiB
2026/01/19 01:09:47.880, 0, 0 %, 0 %, 1 MiB, 46068 MiB
2026/01/19 01:09:48.880, 0, 0 %, 0 %, 1 MiB, 46068 MiB
2026/01/19 01:09:49.880, 0, 0 %, 0 %, 1 MiB, 46068 MiB
2026/01/19 01:09:50.880, 0, 0 %, 0 %, 1 MiB, 46068 MiB
2026/01/19 01:09:51.880, 0, 0 %, 0 %, 1 MiB, 46068 MiB
2026/01/19 01:09:52.880, 0, 0 %, 0 %, 1 MiB, 46068 MiB
2026/01/19 01:09:53.880, 0, 0 %, 0 %, 1 MiB, 46068 MiB
2026/01/19 01:09:54.880, 0, 0 %, 0 %, 1 MiB, 46068 MiB
2026/01/19 01:09:55.881, 0, 0 %, 0 %, 1 MiB, 46068 MiB
2026/01/19 01:09:56.881, 0, 0 %, 0 %, 1 MiB, 46068 MiB
2026/01/19 01:09:57.881, 0, 0 %, 0 %, 1 MiB, 46068 MiB
2026/01/19 01:09:58.881, 0, 0 %, 0 %, 1 MiB, 46068 MiB
2026/01/19 01:09:59.881, 0, 0 %, 0 %, 1 MiB, 46068 MiB
2026/01/19 01:10:00.881, 0, 0 %, 0 %, 1 MiB, 46068 MiB
2026/01/19 01:10:01.881, 0, 0 %, 0 %, 1 MiB, 46068 MiB
2026/01/19 01:10:02.881, 0, 0 %, 0 %, 1 MiB, 46068 MiB
2026/01/19 01:10:03.881, 0, 0 %, 0 %, 1 MiB, 46068 MiB
2026/01/19 01:10:04.881, 0, 0 %, 0 %, 1 MiB, 46068 MiB
2026/01/19 01:10:05.882, 0, 0 %, 0 %, 1 MiB, 46068 MiB
2026/01/19 01:10:06.882, 0, 0 %, 0 %, 1 MiB, 46068 MiB
2026/01/19 01:10:07.882, 0, 0 %, 0 %, 1 MiB, 46068 MiB
2026/01/19 01:10:08.882, 0, 0 %, 0 %, 1 MiB, 46068 MiB
2026/01/19 01:10:09.882, 0, 0 %, 0 %, 1 MiB, 46068 MiB
2026/01/19 01:10:10.882, 0, 0 %, 0 %, 1 MiB, 46068 MiB
2026/01/19 01:10:11.882, 0, 0 %, 0 %, 1 MiB, 46068 MiB
2026/01/19 01:10:12.882, 0, 0 %, 0 %, 1 MiB, 46068 MiB
2026/01/19 01:10:13.882, 0, 0 %, 0 %, 1 MiB, 46068 MiB
2026/01/19 01:10:14.883, 0, 0 %, 0 %, 1 MiB, 46068 MiB
2026/01/19 01:10:15.883, 0, 0 %, 0 %, 1 MiB, 46068 MiB
2026/01/19 01:10:16.883, 0, 0 %, 0 %, 1 MiB, 46068 MiB
2026/01/19 01:10:17.883, 0, 0 %, 0 %, 1 MiB, 46068 MiB
2026/01/19 01:10:18.883, 0, 0 %, 0 %, 1 MiB, 46068 MiB
2026/01/19 01:10:19.883, 0, 0 %, 0 %, 1 MiB, 46068 MiB
2026/01/19 01:10:20.885, 0, 0 %, 0 %, 1 MiB, 46068 MiB
2026/01/19 01:10:21.885, 0, 0 %, 0 %, 1 MiB, 46068 MiB
2026/01/19 01:10:22.885, 0, 0 %, 0 %, 1 MiB, 46068 MiB
2026/01/19 01:10:23.885, 0, 0 %, 0 %, 1 MiB, 46068 MiB
2026/01/19 01:10:24.885, 0, 0 %, 0 %, 1 MiB, 46068 MiB
